year,n_entities_reporting_deaths,total_deaths
1949,2,3
1950,5,16133
1951,6,58661
1952,5,71397
1953,6,141173
1954,6,28835
1955,4,17476
1956,4,32523
1957,4,54853
1958,8,61836
1959,4,19367
1960,5,7800
1961,5,30528
1962,7,30695
1963,12,19137
1964,12,22289
1965,12,13996
1966,11,4572
1967,8,637
1968,11,830
1969,12,2209
1970,38,7533
1971,41,26132
1972,37,10658
1973,34,10081
1974,35,7649
1975,36,7079
1976,36,3949
1977,40,2177
1978,42,3354
1979,47,3478
1980,41,1954
1981,42,2441
1982,35,3821
1983,31,2668
1984,33,1830
1985,35,4114
1986,33,3966
1987,36,3009
1988,32,2855
1989,33,1711
1990,37,2802
1991,58,19302
1992,65,8214
1993,76,6761
1994,88,10750
1995,77,5045
1996,70,6418
1997,64,6371
1998,68,10832
1999,61,9221
2000,52,5269
2001,44,2897
2002,33,4564
2003,35,1894
2004,55,2345
2005,70,2272
2006,66,6300
2007,58,4033
2008,59,5143
2009,45,4946
2010,47,7543
2011,45,7781
2012,48,3034
2013,47,2102
2014,40,2231
2015,40,1304
2016,36,2420
2017,33,5647
2018,34,2990
2019,31,1919
2020,24,857
2021,27,4159
