year,n_entities_reporting_cases,total_cases
1949,2,17
1950,5,34665
1951,6,114518
1952,5,123025
1953,7,240927
1954,6,37804
1955,4,40218
1956,4,63542
1957,4,63031
1958,7,95763
1959,4,36138
1960,6,38130
1961,5,61966
1962,7,68727
1963,12,59437
1964,12,95938
1965,13,56609
1966,12,31146
1967,10,24748
1968,12,34164
1969,15,36173
1970,40,63994
1971,43,176058
1972,38,80248
1973,36,108788
1974,37,97635
1975,38,93055
1976,38,68619
1977,41,63276
1978,44,77678
1979,46,57645
1980,40,42776
1981,42,51631
1982,34,64925
1983,31,65251
1984,32,29324
1985,35,45279
1986,33,52738
1987,36,56105
1988,31,53920
1989,34,54104
1990,37,74764
1991,58,595334
1992,66,492964
1993,75,380714
1994,90,385406
1995,78,214802
1996,72,144727
1997,65,149416
1998,73,298764
1999,61,263085
2000,56,143944
2001,59,186112
2002,50,142306
2003,44,111569
2004,55,101381
2005,70,131879
2006,66,236773
2007,59,178678
2008,59,190130
2009,45,221226
2010,47,317528
2011,58,589854
2012,48,245393
2013,47,129067
2014,42,190549
2015,42,172454
2016,37,132118
2017,33,1226757
2018,34,499445
2019,31,923037
2020,28,323369
2021,34,223369
