year,n_matched_entities,matched_cases,matched_deaths,weighted_cfr
1949,2,17,3,17.647058823529413
1950,5,34665,16133,46.5397374873792
1951,6,114518,58661,51.2242616881189
1952,5,123025,71397,58.03454582401951
1953,6,240927,141173,58.59575722106696
1954,6,37804,28835,76.27499735477727
1955,4,40218,17476,43.45318016808394
1956,4,63542,32523,51.18346920147304
1957,4,63031,54853,87.02543193032
1958,7,95763,61836,64.5719119075217
1959,4,36138,19367,53.59178703857435
1960,5,23509,7800,33.17878259390021
1961,5,61966,30528,49.26572636607172
1962,7,68727,30695,44.662214268046036
1963,12,59437,19137,32.19711627437455
1964,12,95938,22289,23.23271279367925
1965,12,51572,13996,27.138757465291242
1966,11,30984,4572,14.756003098373354
1967,8,10819,637,5.8877899990757
1968,11,11577,830,7.169387578820074
1969,11,16258,2209,13.587157091893221
1970,38,44326,7533,16.99454045030005
1971,40,175691,26132,14.873841004946184
1972,37,79926,10658,13.334834722117959
1973,34,108732,10081,9.271419637273295
1974,35,97326,7649,7.859153771859524
1975,36,90088,7079,7.857872302637421
1976,36,66375,3949,5.949529190207156
1977,40,52440,2177,4.151411136536995
1978,42,77412,3354,4.332661602852271
1979,45,57378,3470,6.047614068109729
1980,39,42770,1954,4.568622866495207
1981,37,51605,2441,4.730161806026548
1982,33,64925,3821,5.885252214093184
1983,31,65251,2668,4.088826224885443
1984,31,29320,1830,6.241473396998636
1985,35,45279,4114,9.085889706044744
1986,32,52736,3966,7.520479368932039
1987,36,56105,3009,5.363158363782194
1988,31,53920,2855,5.294881305637982
1989,33,54103,1711,3.162486368593239
1990,36,74682,2802,3.751908090302884
1991,57,595331,19302,3.242229952748975
1992,64,492957,8199,1.6632282328884669
1993,75,380714,6761,1.7758737530009403
1994,88,385401,10750,2.789302570569355
1995,77,212505,5045,2.3740617867814877
1996,68,144302,6418,4.447616803647905
1997,64,149415,6371,4.263962788207342
1998,67,298748,10823,3.6227857592352084
1999,60,263085,9221,3.5049508713913755
2000,52,143907,5269,3.6613924270535834
2001,44,185236,2897,1.5639508518862424
2002,33,141402,4564,3.2276771191355142
2003,35,111523,1894,1.6983043856424236
2004,55,101381,2345,2.313056687150452
2005,50,131879,2272,1.7227913466131832
2006,51,236773,6300,2.6607763554121457
2007,51,178677,4033,2.2571455755357435
2008,56,190130,5143,2.704991321727239
2009,45,221226,4946,2.2357227450661314
2010,47,317528,7543,2.375538535184299
2011,45,587854,7781,1.3236279756538187
2012,48,245393,3034,1.2363840859356217
2013,47,129067,2102,1.6286114963546066
2014,40,187329,2231,1.1909528156345253
2015,40,172445,1304,0.7561831308533156
2016,36,132117,2420,1.8317097723987072
2017,33,1226757,5647,0.4603193623513051
2018,34,499445,2990,0.5986645176145522
2019,31,923037,1919,0.20790065837014118
2020,24,323064,857,0.26527251566253124
2021,27,218016,4159,1.907658153530016
