entity,code,reporting_years,hotspot_years,proportion_reporting_years_hotspot,total_reported_cases,median_annual_cases
Democratic Republic of Congo,COD,44,28,63.63636363636363,670761,12407
India,IND,47,20,42.5531914893617,417608,4695
Indonesia,IDN,30,17,56.666666666666664,390207,6099.5
Mozambique,MOZ,45,16,35.55555555555556,350584,3787
Somalia,SOM,30,15,50,407234,6839
Tanzania,TZA,43,14,32.55813953488372,237774,2945
Nigeria,NGA,50,13,26,481572,1980.5
Afghanistan,AFG,23,8,34.78260869565217,267528,4170
Angola,AGO,28,8,28.571428571428573,193410,1678
Haiti,HTI,10,7,70,813972,38733
Yemen,YEM,18,7,38.888888888888886,2665842,892
Ghana,GHA,45,7,15.555555555555555,167937,1448
Peru,PER,12,6,50,736195,13457.5
Guinea-Bissau,GNB,18,6,33.333333333333336,95657,566
South Africa,ZAF,27,5,18.51851851851852,186463,859
Bangladesh,BGD,28,5,17.857142857142858,56738,989
Malawi,MWI,38,5,13.157894736842104,144119,626
Iran,IRN,44,5,11.363636363636363,66827,313
Sudan,SDN,11,4,36.36363636363637,80996,845
Ethiopia,ETH,13,4,30.76923076923077,133812,2187
Brazil,BRA,14,4,28.571428571428573,173220,2726
Chad,TCD,20,4,20,82205,1467
China,CHN,35,4,11.428571428571429,86564,168
Sierra Leone,SLE,16,3,18.75,61844,710
Zimbabwe,ZWE,27,3,11.11111111111111,164181,650
Zambia,ZMB,31,3,9.67741935483871,103929,1794
Niger,NER,32,3,9.375,50115,569
Uganda,UGA,36,3,8.333333333333334,115621,1107.5
Philippines,PHL,39,3,7.6923076923076925,49404,836
Kenya,KEN,43,3,6.976744186046512,133914,1070
Cameroon,CMR,48,3,6.25,81932,362.5
Ecuador,ECU,13,2,15.384615384615385,93972,1059
Guatemala,GTM,13,2,15.384615384615385,74430,2077
Guinea,GIN,21,2,9.523809523809524,68305,519
Senegal,SEN,22,2,9.090909090909092,67623,409
Nepal,NPL,33,2,6.0606060606060606,65939,157
Thailand,THA,33,2,6.0606060606060606,36261,383
Liberia,LBR,44,2,4.545454545454546,85523,626
Comoros,COM,13,1,7.6923076923076925,17866,226
Pakistan,PAK,13,1,7.6923076923076925,16603,144
Eswatini,SWZ,17,1,5.882352941176471,10107,19
Mauritania,MRT,17,1,5.882352941176471,17765,259
Mexico,MEX,18,1,5.555555555555555,45782,42.5
Sri Lanka,LKA,20,1,5,10461,113
Myanmar,MMR,25,1,4,22514,782
Cote d'Ivoire,CIV,26,1,3.8461538461538463,24315,324.5
Burundi,BDI,40,1,2.5,37143,495.5
Benin,BEN,43,1,2.3255813953488373,33172,243
Algeria,DZA,20,0,0,12729,499
Australia,AUS,36,0,0,132,2
Burkina Faso,BFA,23,0,0,12710,425
Cambodia,KHM,21,0,0,17039,159
Canada,CAN,26,0,0,87,2
Chile,CHL,10,0,0,180,3
Colombia,COL,10,0,0,36678,1252
Congo,COG,16,0,0,20226,165.5
Djibouti,DJI,15,0,0,19430,164
Dominican Republic,DOM,10,0,0,33476,574.5
France,FRA,33,0,0,184,4
Germany,DEU,32,0,0,70,2
Honduras,HND,11,0,0,15382,306
Iraq,IRQ,25,0,0,22518,187
Italy,ITA,10,0,0,307,1.5
Japan,JPN,44,0,0,1714,30
Kuwait,KWT,13,0,0,325,4
Malaysia,MYS,46,0,0,24810,379
Mali,MLI,25,0,0,33632,352
Netherlands,NLD,24,0,0,62,2
New Zealand,NZL,10,0,0,19,1.5
Nicaragua,NIC,10,0,0,32442,2125
Russia,RUS,20,0,0,2029,7
Rwanda,RWA,33,0,0,11887,106
Saudi Arabia,SAU,12,0,0,913,34
Singapore,SGP,39,0,0,832,14
South Korea,KOR,17,0,0,1029,6
Spain,ESP,23,0,0,360,2
Sweden,SWE,16,0,0,29,1
Switzerland,CHE,11,0,0,16,1
Togo,TGO,34,0,0,16451,139
United Kingdom,GBR,41,0,0,442,8
United States,USA,31,0,0,460,9
Venezuela,VEN,10,0,0,6969,291
Vietnam,VNM,36,0,0,31465,306.5
