Year,n_case_records
1949,4
1950,7
1951,8
1952,7
1953,9
1954,8
1955,6
1956,6
1957,6
1958,9
1959,6
1960,8
1961,7
1962,10
1963,14
1964,14
1965,15
1966,14
1967,12
1968,14
1969,18
1970,44
1971,47
1972,43
1973,40
1974,41
1975,42
1976,43
1977,46
1978,49
1979,51
1980,44
1981,47
1982,39
1983,36
1984,36
1985,40
1986,37
1987,42
1988,37
1989,40
1990,43
1991,64
1992,73
1993,82
1994,98
1995,85
1996,79
1997,72
1998,80
1999,68
2000,63
2001,66
2002,57
2003,50
2004,62
2005,77
2006,72
2007,65
2008,64
2009,52
2010,53
2011,65
2012,54
2013,54
2014,49
2015,48
2016,43
2017,38
2018,39
2019,36
2020,33
2021,37
