Year,n_death_records
1949,4
1950,7
1951,8
1952,7
1953,8
1954,8
1955,6
1956,6
1957,6
1958,10
1959,6
1960,7
1961,7
1962,10
1963,14
1964,14
1965,14
1966,13
1967,10
1968,13
1969,15
1970,42
1971,45
1972,42
1973,38
1974,39
1975,40
1976,41
1977,45
1978,47
1979,52
1980,46
1981,47
1982,40
1983,36
1984,38
1985,40
1986,37
1987,42
1988,38
1989,39
1990,43
1991,64
1992,71
1993,83
1994,96
1995,84
1996,77
1997,71
1998,74
1999,68
2000,58
2001,50
2002,39
2003,40
2004,62
2005,77
2006,72
2007,64
2008,64
2009,52
2010,53
2011,52
2012,54
2013,54
2014,47
2015,46
2016,41
2017,38
2018,39
2019,36
2020,28
2021,30
