entity,code,years_in_top_five
Democratic Republic of Congo,COD,25
India,IND,20
Indonesia,IDN,17
Mozambique,MOZ,16
Somalia,SOM,14
Nigeria,NGA,12
Tanzania,TZA,12
Angola,AGO,8
Haiti,HTI,8
Yemen,YEM,8
Ghana,GHA,7
Afghanistan,AFG,6
Iran,IRN,6
Kenya,KEN,6
South Africa,ZAF,6
Bangladesh,BGD,5
Guinea-Bissau,GNB,5
Malawi,MWI,5
Peru,PER,5
Brazil,BRA,4
Ethiopia,ETH,4
Sudan,SDN,4
Cameroon,CMR,3
China,CHN,3
Niger,NER,3
Philippines,PHL,3
Senegal,SEN,3
Thailand,THA,3
Uganda,UGA,3
Zimbabwe,ZWE,3
Chad,TCD,2
Ecuador,ECU,2
Liberia,LBR,2
Madagascar,MDG,2
Myanmar,MMR,2
Nepal,NPL,2
Sierra Leone,SLE,2
Bolivia,BOL,1
Burkina Faso,BFA,1
Burundi,BDI,1
Cape Verde,CPV,1
Cote d'Ivoire,CIV,1
Equatorial Guinea,GNQ,1
Guatemala,GTM,1
Guinea,GIN,1
Maldives,MDV,1
Mali,MLI,1
Mauritania,MRT,1
Mexico,MEX,1
Morocco,MAR,1
Papua New Guinea,PNG,1
Portugal,PRT,1
South Sudan,SSD,1
Sri Lanka,LKA,1
Vietnam,VNM,1
Zambia,ZMB,1
