year,n_reporting,total_cases,top_country_cases,top_five_cases,top_country_share,top_five_share
2019,31,923037,861096,909109,93.28943476805372,98.49106807202745
2020,28,323369,275712,317928,85.26234734931302,98.31740210100536
2017,33,1226757,1032481,1193854,84.16344883297997,97.31788773163716
2018,34,499445,371326,464584,74.34772597583317,93.02005225800639
1976,38,68619,41264,61188,60.134948046459435,89.1706378699777
2011,58,589854,340311,495546,57.694107355379465,84.01163677791453
2001,59,186112,106159,133812,57.04038428473177,71.8986416781293
2010,47,317528,179379,257475,56.49234083293442,81.08733717971329
1972,38,80248,44383,72846,55.30729737812781,90.77609410826437
1991,58,595334,322562,472923,54.18168624671193,79.43826490675822
1975,38,93055,48387,81232,51.99828058674977,87.29461071409382
2021,34,223369,111062,206593,49.72131316342017,92.48955763781008
1992,66,492964,242237,357486,49.138882352463874,72.51766863300362
1973,36,108788,52042,99957,47.83799683788653,91.88237673272788
2012,48,245393,112076,200985,45.67204443484533,81.90331427546833
