entity,code,year,reported_cases,reported_deaths,cfr_percent
India,IND,1957,54961,49715,90.4550499445061
India,IND,1954,22146,19368,87.45597399078841
Myanmar,MMR,1960,259,200,77.22007722007721
India,IND,1958,66849,49818,74.52317910514742
Bangladesh,BGD,1964,3333,2419,72.57725772577258
Myanmar,MMR,1952,347,245,70.60518731988472
Myanmar,MMR,1951,6753,4685,69.3765733747964
Myanmar,MMR,1950,4212,2785,66.12060778727445
Bangladesh,BGD,1959,16915,11056,65.36210464085131
Bangladesh,BGD,1958,15631,10119,64.7367410914209
Bangladesh,BGD,1956,23699,15310,64.60188193594666
Bangladesh,BGD,1961,2663,1703,63.9504318437852
Bangladesh,BGD,1957,8054,5134,63.74472311894711
India,IND,1950,625,396,63.36
Bangladesh,BGD,1953,27631,16904,61.177662770077085
Bangladesh,BGD,1952,21154,12884,60.90573886735369
Bangladesh,BGD,1965,1123,683,60.819234194122885
Bangladesh,BGD,1954,15617,9443,60.4661586732407
Bangladesh,BGD,1951,20894,12372,59.21317124533359
Bangladesh,BGD,1955,16642,9802,58.89917077274366
