entity,code,year,reported_cases,reported_deaths,cfr_percent,outbreak_size
Burkina Faso,BFA,1970,1,1,100,<10 cases
Burkina Faso,BFA,1975,3,3,100,<10 cases
Cambodia,KHM,1954,2,2,100,<10 cases
Cambodia,KHM,1956,1,1,100,<10 cases
China,CHN,1949,1,1,100,<10 cases
Netherlands,NLD,1976,1,1,100,<10 cases
Togo,TGO,1978,6,6,100,<10 cases
Vietnam,VNM,1953,7,7,100,<10 cases
Vietnam,VNM,1954,3,3,100,<10 cases
Zambia,ZMB,1989,44,44,100,10–99 cases
Zambia,ZMB,1979,12,11,91.66666666666669,10–99 cases
India,IND,1957,54961,49715,90.4550499445061,"≥10,000 cases"
Oman,OMN,1971,9,8,88.88888888888889,<10 cases
India,IND,1954,22146,19368,87.45597399078841,"≥10,000 cases"
Vietnam,VNM,1952,7,6,85.71428571428571,<10 cases
Vietnam,VNM,1951,26,21,80.76923076923077,10–99 cases
Myanmar,MMR,1960,259,200,77.22007722007721,100–999 cases
Italy,ITA,1994,12,9,75,10–99 cases
India,IND,1958,66849,49818,74.52317910514742,"≥10,000 cases"
Cambodia,KHM,1953,11,8,72.72727272727273,10–99 cases
Bangladesh,BGD,1964,3333,2419,72.57725772577258,"1,000–9,999 cases"
Myanmar,MMR,1952,347,245,70.60518731988472,100–999 cases
Cambodia,KHM,1951,57,40,70.17543859649123,10–99 cases
Myanmar,MMR,1951,6753,4685,69.3765733747964,"1,000–9,999 cases"
Benin,BEN,1973,3,2,66.66666666666667,<10 cases
